code,status,ref_version
10060,A,PFS-2026D
10061,A,PFS-2026D
11042,A,PFS-2026D
11043,A,PFS-2026D
11720,A,PFS-2026D
11721,A,PFS-2026D
12001,A,PFS-2026D
12002,A,PFS-2026D
12004,A,PFS-2026D
12011,A,PFS-2026D
17000,A,PFS-2026D
17003,A,PFS-2026D
17004,A,PFS-2026D
20610,A,PFS-2026D
20611,A,PFS-2026D
27447,A,PFS-2026D
29875,A,PFS-2026D
29876,A,PFS-2026D
29880,A,PFS-2026D
29881,A,PFS-2026D
36415,X,PFS-2026D
43235,A,PFS-2026D
43239,A,PFS-2026D
43249,A,PFS-2026D
45378,A,PFS-2026D
45380,A,PFS-2026D
45381,A,PFS-2026D
45384,A,PFS-2026D
45385,A,PFS-2026D
62323,A,PFS-2026D
64483,A,PFS-2026D
64484,A,PFS-2026D
66982,A,PFS-2026D
66984,A,PFS-2026D
67028,A,PFS-2026D
70450,A,PFS-2026D
71045,A,PFS-2026D
71046,A,PFS-2026D
71047,A,PFS-2026D
72148,A,PFS-2026D
73721,A,PFS-2026D
74176,A,PFS-2026D
74177,A,PFS-2026D
76140,I,PFS-2026D
76700,A,PFS-2026D
76942,A,PFS-2026D
77061,I,PFS-2026D
77062,I,PFS-2026D
77067,A,PFS-2026D
80320,I,PFS-2026D
83992,I,PFS-2026D
90471,A,PFS-2026D
90472,A,PFS-2026D
90686,X,PFS-2026D
92004,A,PFS-2026D
92012,A,PFS-2026D
92014,A,PFS-2026D
93000,A,PFS-2026D
93005,A,PFS-2026D
93010,A,PFS-2026D
93306,A,PFS-2026D
93307,A,PFS-2026D
93308,A,PFS-2026D
93320,A,PFS-2026D
93321,A,PFS-2026D
93325,A,PFS-2026D
96372,A,PFS-2026D
96374,A,PFS-2026D
96375,A,PFS-2026D
97110,A,PFS-2026D
97112,A,PFS-2026D
97116,A,PFS-2026D
97140,A,PFS-2026D
97161,A,PFS-2026D
97162,A,PFS-2026D
97163,A,PFS-2026D
97530,A,PFS-2026D
97597,A,PFS-2026D
97598,A,PFS-2026D
99202,A,PFS-2026D
99203,A,PFS-2026D
99204,A,PFS-2026D
99205,A,PFS-2026D
99211,A,PFS-2026D
99212,A,PFS-2026D
99213,A,PFS-2026D
99214,A,PFS-2026D
99215,A,PFS-2026D
99221,A,PFS-2026D
99222,A,PFS-2026D
99223,A,PFS-2026D
99231,A,PFS-2026D
99232,A,PFS-2026D
99233,A,PFS-2026D
99281,A,PFS-2026D
99282,A,PFS-2026D
99283,A,PFS-2026D
99284,A,PFS-2026D
99285,A,PFS-2026D
G0008,X,PFS-2026D
