code,nonfacility_rate,facility_rate,ref_version
10060,128.59,100.54,PFS-2026C
10061,220.11,173.35,PFS-2026C
11042,132.60,55.78,PFS-2026C
11043,239.48,138.28,PFS-2026C
11720,32.73,12.69,PFS-2026C
11721,45.09,21.38,PFS-2026C
12001,113.90,44.09,PFS-2026C
12002,139.28,57.45,PFS-2026C
12004,161.99,72.15,PFS-2026C
12011,139.62,54.44,PFS-2026C
17000,66.47,47.76,PFS-2026C
17003,6.35,1.67,PFS-2026C
17004,162.33,82.83,PFS-2026C
20610,68.81,39.75,PFS-2026C
20611,104.21,50.10,PFS-2026C
27447,1159.35,1159.35,PFS-2026C
29875,474.29,474.29,PFS-2026C
29876,614.91,614.91,PFS-2026C
29880,533.08,533.08,PFS-2026C
29881,515.71,515.71,PFS-2026C
43235,322.65,110.56,PFS-2026C
43239,418.85,123.58,PFS-2026C
43249,1180.39,136.28,PFS-2026C
45378,378.10,164.67,PFS-2026C
45380,479.97,177.69,PFS-2026C
45381,490.33,177.69,PFS-2026C
45384,539.42,203.41,PFS-2026C
45385,500.01,223.45,PFS-2026C
62323,273.22,89.18,PFS-2026C
64483,264.87,99.53,PFS-2026C
64484,117.57,43.76,PFS-2026C
66982,630.61,630.61,PFS-2026C
66984,462.60,462.60,PFS-2026C
67028,114.23,75.49,PFS-2026C
70450,106.55,106.55,PFS-2026C
71045,25.38,25.38,PFS-2026C
71046,33.07,33.07,PFS-2026C
71047,41.08,41.08,PFS-2026C
72148,191.72,191.72,PFS-2026C
73721,204.41,204.41,PFS-2026C
74176,183.04,183.04,PFS-2026C
74177,300.27,300.27,PFS-2026C
76700,114.23,114.23,PFS-2026C
76942,64.13,64.13,PFS-2026C
77067,126.26,126.26,PFS-2026C
90471,22.04,22.04,PFS-2026C
90472,16.03,16.03,PFS-2026C
92004,149.64,77.82,PFS-2026C
92012,90.52,41.42,PFS-2026C
92014,127.26,62.13,PFS-2026C
93000,15.36,15.36,PFS-2026C
93005,7.01,7.01,PFS-2026C
93010,8.35,8.35,PFS-2026C
93306,196.73,196.73,PFS-2026C
93307,137.95,137.95,PFS-2026C
93308,101.20,101.20,PFS-2026C
93320,51.44,51.44,PFS-2026C
93321,25.38,25.38,PFS-2026C
93325,23.71,23.71,PFS-2026C
96372,15.36,15.36,PFS-2026C
96374,37.74,37.74,PFS-2026C
96375,15.70,15.70,PFS-2026C
97110,29.06,29.06,PFS-2026C
97112,32.73,32.73,PFS-2026C
97116,29.06,29.06,PFS-2026C
97140,27.72,27.72,PFS-2026C
97161,97.86,97.86,PFS-2026C
97162,97.86,97.86,PFS-2026C
97163,97.86,97.86,PFS-2026C
97530,35.07,35.07,PFS-2026C
97597,101.54,31.06,PFS-2026C
97598,47.76,21.71,PFS-2026C
99202,75.15,41.08,PFS-2026C
99203,117.57,71.48,PFS-2026C
99204,177.36,116.90,PFS-2026C
99205,236.81,160.32,PFS-2026C
99211,24.38,7.68,PFS-2026C
99212,59.45,31.06,PFS-2026C
99213,95.19,57.45,PFS-2026C
99214,135.61,84.50,PFS-2026C
99215,192.39,125.59,PFS-2026C
99221,74.48,74.48,PFS-2026C
99222,116.90,116.90,PFS-2026C
99223,156.32,156.32,PFS-2026C
99231,44.09,44.09,PFS-2026C
99232,70.48,70.48,PFS-2026C
99233,106.88,106.88,PFS-2026C
99281,11.02,11.02,PFS-2026C
99282,40.42,40.42,PFS-2026C
99283,69.47,69.47,PFS-2026C
99284,118.24,118.24,PFS-2026C
99285,171.35,171.35,PFS-2026C
10060,128.59,100.54,PFS-2026D
10061,220.11,173.35,PFS-2026D
11042,132.60,55.78,PFS-2026D
11043,239.48,138.28,PFS-2026D
11720,32.73,12.69,PFS-2026D
11721,45.09,21.38,PFS-2026D
12001,113.90,44.09,PFS-2026D
12002,139.28,57.45,PFS-2026D
12004,161.99,72.15,PFS-2026D
12011,139.62,54.44,PFS-2026D
17000,66.47,47.76,PFS-2026D
17003,6.35,1.67,PFS-2026D
17004,162.33,82.83,PFS-2026D
20610,68.81,39.75,PFS-2026D
20611,104.21,50.10,PFS-2026D
27447,1159.35,1159.35,PFS-2026D
29875,474.29,474.29,PFS-2026D
29876,614.91,614.91,PFS-2026D
29880,533.08,533.08,PFS-2026D
29881,515.71,515.71,PFS-2026D
43235,322.65,110.56,PFS-2026D
43239,418.85,123.58,PFS-2026D
43249,1180.39,136.28,PFS-2026D
45378,378.10,164.67,PFS-2026D
45380,479.97,177.69,PFS-2026D
45381,490.33,177.69,PFS-2026D
45384,539.42,203.41,PFS-2026D
45385,500.01,223.45,PFS-2026D
62323,273.22,89.18,PFS-2026D
64483,264.87,99.53,PFS-2026D
64484,117.57,43.76,PFS-2026D
66982,630.61,630.61,PFS-2026D
66984,462.60,462.60,PFS-2026D
67028,114.23,75.49,PFS-2026D
70450,106.55,106.55,PFS-2026D
71045,25.38,25.38,PFS-2026D
71046,33.07,33.07,PFS-2026D
71047,41.08,41.08,PFS-2026D
72148,191.72,191.72,PFS-2026D
73721,204.41,204.41,PFS-2026D
74176,183.04,183.04,PFS-2026D
74177,300.27,300.27,PFS-2026D
76700,114.23,114.23,PFS-2026D
76942,64.13,64.13,PFS-2026D
77067,126.26,126.26,PFS-2026D
90471,22.04,22.04,PFS-2026D
90472,16.03,16.03,PFS-2026D
92004,149.64,77.82,PFS-2026D
92012,90.52,41.42,PFS-2026D
92014,127.26,62.13,PFS-2026D
93000,15.36,15.36,PFS-2026D
93005,7.01,7.01,PFS-2026D
93010,8.35,8.35,PFS-2026D
93306,196.73,196.73,PFS-2026D
93307,137.95,137.95,PFS-2026D
93308,101.20,101.20,PFS-2026D
93320,51.44,51.44,PFS-2026D
93321,25.38,25.38,PFS-2026D
93325,23.71,23.71,PFS-2026D
96372,15.36,15.36,PFS-2026D
96374,37.74,37.74,PFS-2026D
96375,15.70,15.70,PFS-2026D
97110,29.06,29.06,PFS-2026D
97112,32.73,32.73,PFS-2026D
97116,29.06,29.06,PFS-2026D
97140,27.72,27.72,PFS-2026D
97161,97.86,97.86,PFS-2026D
97162,97.86,97.86,PFS-2026D
97163,97.86,97.86,PFS-2026D
97530,35.07,35.07,PFS-2026D
97597,101.54,31.06,PFS-2026D
97598,47.76,21.71,PFS-2026D
99202,75.15,41.08,PFS-2026D
99203,117.57,71.48,PFS-2026D
99204,177.36,116.90,PFS-2026D
99205,236.81,160.32,PFS-2026D
99211,24.38,7.68,PFS-2026D
99212,59.45,31.06,PFS-2026D
99213,95.19,57.45,PFS-2026D
99214,135.61,84.50,PFS-2026D
99215,192.39,125.59,PFS-2026D
99221,74.48,74.48,PFS-2026D
99222,116.90,116.90,PFS-2026D
99223,156.32,156.32,PFS-2026D
99231,44.09,44.09,PFS-2026D
99232,70.48,70.48,PFS-2026D
99233,106.88,106.88,PFS-2026D
99281,11.02,11.02,PFS-2026D
99282,40.42,40.42,PFS-2026D
99283,69.47,69.47,PFS-2026D
99284,118.24,118.24,PFS-2026D
99285,171.35,171.35,PFS-2026D
