code,max_units,mai,ref_version
10060,1,2,MUE-2026Q4
10061,1,2,MUE-2026Q4
11042,1,2,MUE-2026Q4
11043,1,2,MUE-2026Q4
11720,1,2,MUE-2026Q4
11721,1,2,MUE-2026Q4
12001,1,2,MUE-2026Q4
12002,1,2,MUE-2026Q4
12004,1,2,MUE-2026Q4
12011,1,2,MUE-2026Q4
17000,1,2,MUE-2026Q4
17003,13,2,MUE-2026Q4
17004,1,2,MUE-2026Q4
20610,2,3,MUE-2026Q4
20611,2,3,MUE-2026Q4
27447,1,2,MUE-2026Q4
29875,1,2,MUE-2026Q4
29876,1,2,MUE-2026Q4
29880,1,2,MUE-2026Q4
29881,1,2,MUE-2026Q4
36415,2,3,MUE-2026Q4
43235,1,3,MUE-2026Q4
43239,1,2,MUE-2026Q4
43249,1,3,MUE-2026Q4
45378,1,3,MUE-2026Q4
45380,1,2,MUE-2026Q4
45381,1,2,MUE-2026Q4
45384,1,2,MUE-2026Q4
45385,1,2,MUE-2026Q4
62323,1,3,MUE-2026Q4
64483,1,2,MUE-2026Q4
64484,4,3,MUE-2026Q4
66982,1,2,MUE-2026Q4
66984,1,2,MUE-2026Q4
67028,1,3,MUE-2026Q4
70450,3,3,MUE-2026Q4
71045,4,3,MUE-2026Q4
71046,2,3,MUE-2026Q4
71047,1,3,MUE-2026Q4
72148,1,3,MUE-2026Q4
73721,3,3,MUE-2026Q4
74176,2,3,MUE-2026Q4
74177,2,3,MUE-2026Q4
76140,0,3,MUE-2026Q4
76700,1,3,MUE-2026Q4
76942,1,3,MUE-2026Q4
77061,1,2,MUE-2026Q4
77062,1,2,MUE-2026Q4
77067,1,2,MUE-2026Q4
80320,1,3,MUE-2026Q4
83992,2,3,MUE-2026Q4
90471,1,2,MUE-2026Q4
90472,8,3,MUE-2026Q4
90686,1,2,MUE-2026Q4
92004,1,2,MUE-2026Q4
92012,1,3,MUE-2026Q4
92014,1,3,MUE-2026Q4
93000,3,3,MUE-2026Q4
93005,3,3,MUE-2026Q4
93010,5,3,MUE-2026Q4
93306,1,3,MUE-2026Q4
93307,1,3,MUE-2026Q4
93308,1,3,MUE-2026Q4
93320,2,3,MUE-2026Q4
93321,1,3,MUE-2026Q4
93325,2,3,MUE-2026Q4
96372,4,3,MUE-2026Q4
96374,1,3,MUE-2026Q4
96375,6,3,MUE-2026Q4
97110,6,3,MUE-2026Q4
97112,4,3,MUE-2026Q4
97116,4,3,MUE-2026Q4
97140,6,3,MUE-2026Q4
97161,1,2,MUE-2026Q4
97162,1,2,MUE-2026Q4
97163,1,2,MUE-2026Q4
97530,6,3,MUE-2026Q4
97597,1,3,MUE-2026Q4
97598,8,3,MUE-2026Q4
99202,1,2,MUE-2026Q4
99203,1,2,MUE-2026Q4
99204,1,2,MUE-2026Q4
99205,1,2,MUE-2026Q4
99211,1,3,MUE-2026Q4
99212,2,3,MUE-2026Q4
99213,2,3,MUE-2026Q4
99214,2,3,MUE-2026Q4
99215,1,3,MUE-2026Q4
99221,1,3,MUE-2026Q4
99222,1,3,MUE-2026Q4
99223,1,3,MUE-2026Q4
99231,1,3,MUE-2026Q4
99232,1,3,MUE-2026Q4
99233,1,3,MUE-2026Q4
99281,1,3,MUE-2026Q4
99282,1,3,MUE-2026Q4
99283,1,3,MUE-2026Q4
99284,1,3,MUE-2026Q4
99285,1,3,MUE-2026Q4
G0008,1,2,MUE-2026Q4
